{
    "device": "SDRplay Dev0 RSPdx 210500B845",
    "devices": {
        "SDRplay Dev0 RSPdx 210500B845": {
            "agc": false,
            "antenna": 1,
            "bandwidth": 0,
            "gains": {
                "IFGR": 29.79800033569336,
                "RFGR": 14.86400032043457
            },
            "sampleRate": 2048000.0
        }
    }
}