{
    "device": "SDRplay Dev0 RSPdx 210500B845",
    "devices": {
        "LimeSDR Mini [USB 3.0] 1D4C39B40242A1": {
            "antenna": 4,
            "gains": {
                "LNA": 16.64900016784668,
                "PGA": 2.3580000400543213,
                "TIA": 0.0
            },
            "sampleRate": 2000000.0
        },
        "RX888mk2 [USB 3.0] 9083404071024": {
            "antenna": 0,
            "gains": {
                "LNA": 0.0,
                "PGA": -12.0,
                "TIA": 0.0
            },
            "sampleRate": 3000000.0
        },
        "SDDC :: RX888mk2          sn:0009083404071024": {
            "antenna": 1,
            "gains": {
                "IF": -24.58300018310547,
                "RF": -31.5
            },
            "sampleRate": 32000000.0
        },
        "SDRplay Dev0 RSPdx 210500B845": {
            "agc": false,
            "antenna": 1,
            "bandwidth": 0,
            "gains": {
                "IFGR": 50.46900177001953,
                "RFGR": 2.743000030517578
            },
            "sampleRate": 1000000.0
        }
    }
}